keystroke_rate,avg_key_gap,cpu_usage,memory_usage,process_count,window_switches,label
1.7968698003570345,0.4110143184661865,29.1,60.0,466,11,1
0.0,0.0,7.7,74.7,272,0,1
1.3976840913538715,0.2627288103103637,12.6,73.7,296,3,0
0.0,0.0,12.3,44.1,226,4,0
1.1983793622449574,0.4079803466796875,12.3,46.9,232,17,0
3.2413209768039666,0.1864195834638531,32.07578470889424,65.0036375191532,356,11,1
0.0,0.0,6.8,75.1,273,0,1
0.1998364166372103,0.0,16.8,41.9,213,4,0
2.3987660461375366,0.3492631045254794,4.2,71.5,271,0,1
5.766394175415029,0.0542427830005887,48.50037174255127,69.50868147339216,404,8,1
0.0,0.0,6.9,75.0,274,0,1
0.1998317037795946,0.0,16.9,42.4,213,4,0
0.0,0.0,7.0,74.7,273,0,1
2.9969859394812777,0.2365702050072806,17.2,46.6,227,12,0
10.069591310514696,0.2876339999557243,32.087331695032915,78.50155506774982,426,8,1
0.0,0.0,18.3,71.5,294,6,0
0.0,0.0,7.5,59.2,265,16,1
0.0,0.0,15.3,63.6,265,19,1
0.0,0.0,14.7,41.9,216,4,0
0.1998197274568803,0.0,15.6,42.4,217,4,0
3.795685684220564,0.2635510630077786,14.7,46.7,229,17,0
0.0,0.0,21.5,75.5,282,0,1
5.194704134510968,0.3485088778992322,42.40928132514287,82.59210797657704,448,16,1
0.0,0.0,39.9,68.1,483,24,1
9.443992257005542,0.1978100689305662,37.17927186699528,79.84765367756683,304,10,1
1.798901351522908,0.5622837841510773,5.8,73.1,293,3,0
12.353933918186984,0.2745642491643922,44.39228374245472,84.88814483603853,389,14,1
0.0,0.0,15.5,62.3,268,5,1
3.95207724376434,0.0885299137044679,23.560975399848274,71.09003261648886,477,12,1
0.1996850213762699,0.0,8.1,55.5,260,1,1
0.0,0.0,15.5,42.0,215,4,0
0.0,0.0,8.3,72.2,278,0,1
0.0,0.0,33.0,85.3,309,3,1
0.0,0.0,10.5,41.6,215,4,0
2.9965370144328216,0.3271569354193551,10.2,73.1,294,3,0
2.399177337444612,0.2748359983617609,4.2,72.0,275,0,1
0.0,0.0,43.8,85.3,312,3,1
0.0,0.0,4.9,54.4,258,6,0
0.0,0.0,14.9,41.7,215,4,0
3.1991827954180216,0.2793977578481038,9.1,66.4,272,7,1
1.79871131717965,0.5931479930877686,2.5,50.9,257,3,0
0.0,0.0,6.6,54.6,259,6,0
7.106511653474314,0.1307947092302747,28.28497943671037,82.47216344282296,413,14,1
0.1998114838590795,0.0,27.8,42.4,213,4,0
0.3996294405888704,3.663964748382568,11.0,41.9,214,4,0
1.7982845934252036,0.5586570203304291,1.7,50.9,257,3,0
0.0,0.0,15.7,46.7,233,12,0
13.386917930973931,0.3139698353513121,24.48736698340151,60.19130707055644,432,14,1
0.0,0.0,38.5,86.9,311,3,1
19.768159296154685,0.2801406766133265,41.69778509428424,71.28558285674188,372,19,1
0.0,0.0,17.9,78.3,283,0,1
0.0,0.0,16.0,42.1,211,4,0
2.5976456903630862,0.361322820186615,16.9,46.0,226,8,0
1.9992209609178249,0.5000845591227213,3.6,72.7,282,0,1
0.0,0.0,7.9,75.0,272,0,1
0.0,0.0,16.2,63.8,275,5,1
0.0,0.0,20.9,75.9,274,0,1
0.0,0.0,23.1,77.1,293,3,0
0.0,0.0,15.0,42.2,219,4,0
1.3989117028983695,0.7307721376419067,4.2,51.1,257,3,0
0.3996098703153212,1.224026441574097,17.2,41.8,215,4,0
0.0,0.0,13.9,77.1,285,1,1
0.1998216694657459,0.0,9.8,46.7,229,17,0
0.0,0.0,7.2,54.8,259,6,0
0.0,0.0,18.1,73.5,292,3,0
12.621374571256988,0.069182605912882,38.60563506596517,79.41205183996931,419,15,1
1.1990113018778146,0.4884788990020752,2.2,72.4,279,0,1
0.0,0.0,6.6,74.6,273,0,1
0.0,0.0,32.3,85.5,309,3,1
7.84139045191013,0.2956290665146519,21.80016429320029,76.96124667830603,411,8,1
0.0,0.0,26.9,85.5,310,3,1
0.0,0.0,6.3,73.7,295,3,0
0.0,0.0,5.8,54.5,258,6,0
0.0,0.0,21.8,41.7,215,4,0
0.0,0.0,9.4,73.5,293,3,0
0.0,0.0,12.8,54.6,454,5,1
0.0,0.0,13.7,69.4,271,19,1
0.0,0.0,9.6,72.8,282,0,1
0.0,0.0,28.2,83.3,302,3,1
0.0,0.0,5.5,53.5,257,5,0
15.694381915817454,0.1400523815238217,24.950430006962847,68.43681822629553,393,18,1
0.0,0.0,14.9,43.6,223,4,0
14.348188078902757,0.1212780213559059,38.00228996886848,60.73064012447247,471,11,1
0.0,0.0,5.7,53.5,256,5,0
0.0,0.0,41.8,70.3,489,25,1
7.862851592950926,0.1184717452363148,39.32316706328177,83.83833882654676,300,10,1
0.0,0.0,6.1,54.6,256,6,0
0.0,0.0,16.1,41.8,222,4,0
0.0,0.0,39.2,43.8,228,4,0
0.0,0.0,10.8,41.9,222,4,0
0.0,0.0,15.2,41.8,209,4,0
0.0,0.0,5.4,71.7,271,0,1
0.0,0.0,73.8,45.1,231,7,0
0.0,0.0,45.1,55.9,454,7,1
0.0,0.0,29.7,85.3,309,3,1
0.0,0.0,11.0,54.0,259,3,0
0.0,0.0,8.7,72.3,278,0,1
0.0,0.0,27.2,75.1,285,0,1
0.0,0.0,22.7,75.8,273,0,1
0.0,0.0,24.8,83.5,306,3,1
0.0,0.0,28.4,85.6,310,3,1
13.118449642365851,0.0511571443797864,43.824678328752405,75.92642354946241,437,8,1
4.797664253614931,0.2140910625457763,7.2,68.7,274,7,1
0.0,0.0,32.9,55.0,449,2,1
2.5986213559529148,0.3132513761520386,2.1,51.1,257,3,0
1.798995655005989,0.5127863883972168,2.0,50.9,257,3,0
2.598673496256951,0.4011071920394897,4.2,71.5,271,0,1
0.0,0.0,7.7,74.7,272,0,1
0.0,0.0,19.9,76.9,273,19,1
2.599025157361612,0.4103604555130005,5.9,68.3,273,7,1
0.0,0.0,5.9,54.7,257,6,0
0.0,0.0,16.9,42.1,219,4,0
0.0,0.0,16.1,75.4,273,19,1
0.0,0.0,14.0,41.6,209,4,0
0.0,0.0,9.8,73.7,295,3,0
0.0,0.0,6.3,54.7,257,6,0
0.0,0.0,6.1,54.7,257,6,0
3.305666357240346,0.2607481899230267,24.76770713323323,68.81767085829307,386,15,1
2.1948473491886804,0.4630946636199951,5.3,71.8,271,0,1
0.0,0.0,5.9,54.5,256,6,0
2.1805796904315486,0.2990518093109131,5.3,71.9,271,0,1
0.0,0.0,16.4,47.5,234,11,0
2.798797285025947,0.3480926476992093,2.8,72.6,281,0,1
0.0,0.0,7.9,72.4,279,0,1
0.0,0.0,8.8,59.1,265,13,1
0.599461267161265,0.2839820384979248,10.4,47.1,229,17,0
0.0,0.0,12.8,46.8,229,16,0
13.7387841844001,0.1687006401681846,37.22005697578304,61.513752652979385,328,16,1
0.0,0.0,11.8,42.1,211,4,0
3.995499910931768,0.2522106547104685,18.9,46.4,232,8,0
0.0,0.0,3.4,51.8,257,1,0
0.0,0.0,6.4,54.3,259,4,0
8.396051699549629,0.0934237619725669,8.6,55.5,264,1,1
0.0,0.0,13.5,41.6,215,4,0
0.1997955316686309,0.0,8.7,42.0,216,4,0
0.0,0.0,5.0,54.4,258,6,0
3.3973811119529804,0.2843988835811615,6.1,68.3,274,7,1
15.995126943808714,0.2796278466496111,31.268143855653108,76.6922282889046,419,19,1
0.0,0.0,9.4,60.3,269,7,1
0.0,0.0,8.7,74.6,273,0,1
1.9696197143798209,0.5157708326975504,4.9,72.6,281,0,1
0.0,0.0,5.5,54.5,256,6,0
0.0,0.0,4.2,52.3,258,1,0
0.0,0.0,18.0,84.2,306,3,1
0.3996139631614833,1.3760664463043213,12.1,42.4,217,4,0
0.0,0.0,42.5,85.7,310,3,1
1.599356109445951,0.3630302292960031,8.3,73.6,296,3,0
0.0,0.0,14.2,41.4,214,4,0
0.1997758328962462,0.0,14.0,41.5,219,4,0
1.5988650177231385,0.324242319379534,1.6,50.9,257,3,0
0.0,0.0,27.7,43.9,228,4,0
1.5929562559354111,0.2045590196337018,16.4,47.1,232,17,0
0.0,0.0,15.0,43.4,222,4,0
14.352756400039214,0.1204754288863273,44.9703689668589,62.16533296705662,370,8,1
0.0,0.0,5.6,54.5,256,6,0
1.7965038816253236,0.2989958524703979,51.4,62.4,467,12,1
3.595437194562145,0.2729549548205207,20.0,47.2,230,8,0
0.0,0.0,10.4,72.1,273,0,1
0.0,0.0,16.0,42.4,215,4,0
0.0,0.0,25.5,70.0,493,29,1
0.0,0.0,42.9,44.0,227,4,0
0.0,0.0,14.6,42.3,219,4,0
2.399266200379885,0.3156523487784646,4.5,72.0,279,0,1
0.0,0.0,53.3,74.5,478,22,1
0.0,0.0,20.4,46.6,224,18,0
8.786111659930864,0.113683495410653,44.9,57.8,461,8,1
0.0,0.0,15.3,77.6,275,23,1
0.0,0.0,6.6,74.6,272,0,1
0.0,0.0,9.6,41.8,217,4,0
0.1997407653736143,0.0,16.5,42.4,216,4,0
0.0,0.0,11.6,43.4,222,4,0
13.550326656921827,0.110041084351264,52.01008821147475,61.66633711186179,491,7,1
0.0,0.0,3.6,51.8,257,1,0
0.0,0.0,7.8,74.9,293,5,0
0.0,0.0,12.0,73.5,292,3,0
0.0,0.0,15.7,42.1,216,4,0
0.0,0.0,11.9,73.4,295,2,0
4.195495720570152,0.2296179175376892,18.5,46.5,226,12,0
12.628936956633735,0.3224027545904275,53.26981554258028,69.62496464386261,375,13,1
3.619727362459982,0.2555305666068097,23.06287216337521,69.84675656148171,491,11,1
0.0,0.0,18.8,76.9,275,19,1
0.0,0.0,5.5,51.7,256,0,0
0.0,0.0,11.7,74.9,293,5,0
0.0,0.0,13.6,61.7,265,19,1
29.547441208513145,0.033475282240887,34.0,63.9,486,24,1
0.0,0.0,11.0,43.3,222,4,0
19.51384232651017,0.1694671744896488,49.27970908769434,83.9488571926723,398,8,1
6.5974096741077135,0.1128711700439453,11.0,77.7,273,20,1
16.18948566788618,0.304314839649682,34.97069355358116,76.95042540067729,379,17,1
1.99940117651035,0.5212016900380453,4.0,71.5,271,0,1
0.0,0.0,14.6,42.2,216,4,0
15.89666745146132,0.2248192092395453,21.7806035757625,78.02778663116341,429,12,1
13.65908539245687,0.3457539252098199,51.3851554330405,76.14083725184042,484,11,1
0.0,0.0,7.8,72.5,276,0,1
0.0,0.0,34.0,87.0,313,3,1
0.0,0.0,15.4,42.2,212,4,0
0.0,0.0,18.3,46.4,230,18,0
0.0,0.0,5.8,54.5,256,6,0
2.1981406775722765,0.421395206451416,7.5,73.1,294,3,0
7.796523233162092,0.1296158338847913,7.4,55.5,264,1,1
0.399504056520107,0.8798186779022217,15.5,41.6,209,4,0
8.593795458934606,0.1154272726603916,7.6,55.7,264,1,1
0.0,0.0,14.6,46.7,228,12,0
0.1998697843140086,0.0,7.6,66.4,272,7,1
0.0,0.0,8.2,59.4,267,12,1
0.1998719177864488,0.0,11.4,72.2,275,0,1
0.5994577258816861,1.0267448425292969,12.4,73.3,294,3,0
6.797318867603645,0.1455626343235825,6.2,55.2,260,1,1
0.0,0.0,10.5,73.4,291,3,0
0.0,0.0,6.8,72.1,276,0,1
0.0,0.0,7.9,53.8,259,4,0
0.0,0.0,16.8,75.6,273,19,1
0.0,0.0,28.0,85.5,310,3,1
0.0,0.0,3.8,72.1,275,0,1
6.3964710631275,0.1557188803149808,6.4,55.3,262,1,1
0.0,0.0,8.2,55.5,259,2,1
0.0,0.0,60.0,44.4,225,1,0
0.0,0.0,8.9,75.1,272,0,1
0.0,0.0,16.5,75.2,272,0,1
17.79860989018926,0.1931971498584044,27.07155470958665,83.86563445596535,336,14,1
0.799242622916926,1.3653008937835691,19.5,42.5,215,4,0
15.64271785908027,0.1018749548848712,32.831935678185445,63.62417461650871,480,10,1
0.0,0.0,4.6,53.8,259,5,0
0.0,0.0,24.7,70.7,294,12,0
0.7996579298358651,0.5410677591959635,6.0,55.2,260,1,1
0.0,0.0,6.7,74.6,272,0,1
0.0,0.0,6.7,58.8,266,9,1
0.0,0.0,14.3,42.0,211,4,0
0.0,0.0,8.4,75.4,273,0,1
0.0,0.0,12.4,42.1,216,4,0
0.9995117665035218,0.4962243437767029,11.1,73.0,282,0,1
0.0,0.0,17.8,76.6,273,0,1
0.0,0.0,11.4,46.2,225,18,0
0.199818299533267,0.0,14.4,41.9,211,4,0
3.13497440101285,0.1434317906697591,31.6,50.2,439,0,1
0.7996568245210319,0.4768314361572265,2.2,72.7,281,0,1
7.778666365679838,0.2951788776864403,35.73224035422884,65.53095941639968,395,6,1
0.0,0.0,5.9,54.8,259,6,0
12.663608600969145,0.0663871563604123,37.60261754496857,74.97193918525848,335,15,1
0.0,0.0,9.2,76.4,294,5,0
18.534116820501094,0.2269066664091219,37.03873337099421,80.02857256362779,383,6,1
4.396114636193188,0.1923776354108538,18.1,46.2,224,17,0
12.560901228254274,0.2873720177473093,48.29406841934912,71.7459972310443,428,8,1
0.0,0.0,9.1,73.2,292,3,0
0.0,0.0,7.1,54.7,257,6,0
0.1997314535238736,0.0,12.8,55.2,456,5,1
0.0,0.0,15.3,73.5,294,3,0
1.9968959421721044,0.4980658425225152,2.2,51.1,257,3,0
0.599779782089134,0.2482820749282837,16.5,69.0,275,7,1
0.0,0.0,5.9,54.8,257,6,0
0.0,0.0,16.5,75.8,282,0,1
16.736641964357215,0.2300747645620938,32.193613511917754,76.08817807685907,449,7,1
4.165427113647972,0.2397421307012658,40.12238693629224,81.40778575498189,312,16,1
0.0,0.0,17.0,77.2,273,19,1
4.794889708524931,0.2135711130888565,17.3,46.1,224,17,0
0.1998236305522193,0.0,16.4,42.2,217,4,0
2.191240896019301,0.4362703561782837,7.7,73.3,294,3,0
1.1992118484064775,0.3534158706665039,12.2,73.3,291,3,0
2.5985359048723238,0.3434242208798726,1.9,50.9,257,3,0
6.996978538625441,0.119710648761076,7.4,58.9,265,17,1
0.0,0.0,7.2,74.9,293,5,0
3.196767489843863,0.32586243947347,10.5,46.7,228,12,0
0.0,0.0,12.0,62.9,265,19,1
3.995635984314883,0.2416827929647345,16.9,46.1,230,8,0
0.0,0.0,5.8,73.3,292,3,0
0.0,0.0,17.9,76.8,293,3,0
0.0,0.0,3.6,51.7,257,1,0
0.1999204475338616,0.0,12.6,71.9,271,0,1
2.7963910901615514,0.342145773080679,15.5,46.9,233,8,0
0.0,0.0,5.5,54.7,257,6,0
0.0,0.0,7.1,74.9,272,0,1
0.0,0.0,12.1,42.0,211,4,0
0.0,0.0,9.8,46.5,228,18,0
3.1887753208655543,0.3211595058441162,6.4,73.1,294,3,0
0.0,0.0,14.2,41.8,219,4,0
0.0,0.0,18.6,41.6,220,4,0
0.0,0.0,18.6,84.2,306,3,1
0.0,0.0,15.1,47.2,234,12,0
0.0,0.0,9.2,73.5,294,3,0
0.0,0.0,5.5,54.3,264,0,1
12.093286100678435,0.1866863631006647,29.326080715739028,62.554827644046426,460,19,1
0.0,0.0,14.0,73.4,273,19,1
1.3989853588434216,0.3174477815628052,1.8,50.9,257,3,0
0.7995860907268081,0.2758195400238037,3.4,72.1,279,0,1
0.9990156336282112,0.3607622981071472,8.9,74.0,295,3,0
16.22187735000214,0.2079174163841601,51.30915222215189,71.07066833207237,445,13,1
0.0,0.0,7.1,53.9,259,5,0
0.7994711368998426,0.3612743218739827,17.2,76.2,279,0,1
0.5977196808573554,0.1499257087707519,9.9,56.6,260,4,1
6.190751150879469,0.16533149878184,39.0,58.7,463,9,1
2.7980761785307773,0.3388773477994479,2.2,51.0,257,3,0
0.0,0.0,6.0,59.3,265,10,1
2.397338769600092,0.3570825836875222,17.2,46.6,228,17,0
10.20892889343416,0.3294570481844716,41.72086231047964,65.50649095521047,359,13,1
0.9991296244092782,0.53837651014328,6.7,54.5,259,3,0
0.0,0.0,23.2,46.6,229,16,0
16.070156649328155,0.1403721902106153,35.56878619272153,64.1123606561098,488,5,1
0.0,0.0,7.5,71.9,271,0,1
0.5989203080574789,1.4960020780563354,15.7,41.9,214,4,0
0.0,0.0,10.6,75.1,272,0,1
0.0,0.0,6.9,75.0,272,0,1
0.0,0.0,45.2,72.8,481,23,1
0.0,0.0,16.3,42.1,212,4,0
0.1999278996131527,0.0,5.0,51.8,258,3,0
0.0,0.0,6.6,74.7,273,0,1
0.0,0.0,12.3,56.9,265,9,1
0.0,0.0,5.4,54.5,256,6,0
0.0,0.0,5.8,53.6,259,5,0
0.5994317958512436,1.707984447479248,14.1,41.8,216,4,0
0.1997917438735449,0.0,10.0,42.1,212,4,0
2.5955852258203023,0.3766743739446004,11.7,46.0,230,8,0
7.39501604286433,0.0943793985578748,6.3,55.4,262,1,1
14.958976957624566,0.2405454539844851,20.87256627997072,61.65253171904523,412,19,1
0.0,0.0,10.3,76.4,294,5,0
0.0,0.0,25.2,47.5,234,9,0
2.9989565188542326,0.3401885713849749,4.5,71.8,275,0,1
0.0,0.0,16.3,41.7,224,4,0
11.084990718797693,0.2172771715835715,34.17778812209656,82.21859035371365,416,9,1
0.0,0.0,24.9,84.2,306,3,1
0.0,0.0,17.6,46.7,230,12,0
0.0,0.0,14.3,46.6,224,18,0
14.88771611408658,0.1167358645167842,40.91476687062672,61.408625467449134,469,14,1
0.0,0.0,5.1,72.1,279,0,1
0.0,0.0,21.0,76.8,295,4,0
0.0,0.0,11.4,75.3,274,0,1
7.650529563481472,0.3496884115164357,33.68749364114109,79.08664197336532,456,11,1
1.998284477532697,0.5184801684485542,7.2,73.1,292,3,0
0.0,0.0,10.1,42.1,219,4,0
4.593010019884366,0.2225493734533136,34.3,59.5,462,10,1
13.082260861732683,0.21203122325352,47.488188190455546,61.92314572603518,369,14,1
0.0,0.0,4.9,54.6,257,6,0
2.598918744752504,0.2908730705579122,6.1,73.6,296,3,0
0.0,0.0,7.4,75.0,274,0,1
0.0,0.0,30.9,85.4,310,3,1
0.7996671536167183,0.582715113957723,7.3,73.9,295,3,0
1.7993044394926565,0.5364719331264496,8.0,73.5,296,3,0
0.0,0.0,20.8,46.6,228,12,0
0.0,0.0,5.4,54.7,259,6,0
0.0,0.0,18.0,63.3,466,17,1
0.0,0.0,4.6,54.8,259,6,0
0.0,0.0,39.5,40.1,219,5,0
0.0,0.0,19.0,77.1,274,19,1
10.354376579202595,0.1431775191950269,51.27286080735112,75.44450999952257,488,19,1
7.657025265745137,0.3460964383888373,47.17530227449138,83.14440071063163,396,16,1
0.0,0.0,5.9,72.2,275,0,1
0.1998953985164966,0.0,12.9,72.5,280,0,1
0.0,0.0,6.7,54.4,258,6,0
0.0,0.0,1.6,52.0,258,1,0
3.9962934539807615,0.2547380673257928,15.6,46.7,229,17,0
2.398119607981032,0.4411328705874356,2.1,50.9,257,3,0
2.398234446448387,0.3453788757324219,2.2,51.0,257,3,0
0.3994387311682669,1.48014497756958,15.9,42.3,217,4,0
0.0,0.0,8.4,73.2,291,3,0
0.0,0.0,38.6,69.8,488,27,1
0.0,0.0,31.6,70.2,488,26,1
0.0,0.0,32.4,83.2,306,3,1
0.0,0.0,7.5,59.4,264,18,1
0.0,0.0,9.3,76.6,295,5,0
0.0,0.0,57.5,82.7,306,1,1
1.797606450913653,0.5910045206546783,37.5,57.2,456,7,1
0.0,0.0,13.5,76.7,295,5,0
0.0,0.0,7.9,75.3,272,0,1
2.797932188463736,0.3590549138876108,8.3,68.3,274,7,1
0.0,0.0,11.5,75.4,272,0,1
0.0,0.0,17.7,41.4,214,4,0
2.9960641114106483,0.3148626259395054,11.5,46.2,229,17,0
0.5994377070153996,1.8319826126098635,12.4,42.6,216,4,0
1.7993723674360371,0.5646404027938843,4.1,71.9,276,0,1
2.3977156468094227,0.4244040792638605,2.3,51.3,258,1,0
0.0,0.0,3.8,51.5,256,0,0
18.812441055021004,0.2454467505641964,39.42484716766634,64.71759981633937,358,9,1
0.0,0.0,15.2,41.3,214,4,0
0.0,0.0,43.0,64.1,482,24,1
0.0,0.0,25.3,65.5,282,5,1
3.396772085624008,0.2239999175071716,14.7,47.1,228,17,0
0.0,0.0,13.3,41.6,220,4,0
0.0,0.0,13.5,64.0,267,19,1
0.0,0.0,13.8,75.3,272,0,1
2.9967212786798805,0.2720020498548235,16.4,46.8,226,17,0
0.0,0.0,16.0,42.1,212,4,0
0.1997234454568566,0.0,1.4,72.3,279,0,1
0.0,0.0,4.6,52.9,258,1,0
0.3996168377221624,0.4398515224456787,13.9,42.3,219,4,0
2.3969704580802023,0.3690235181288285,2.5,51.2,257,3,0
0.0,0.0,20.6,47.4,234,10,0
0.0,0.0,11.8,41.7,220,4,0
0.0,0.0,12.5,75.2,273,0,1
0.0,0.0,55.8,62.0,480,24,1
3.322712603958484,0.3045123835588014,41.03489042034292,73.34833992589688,419,6,1
2.398707399734288,0.405031529339877,4.6,71.8,271,0,1
0.0,0.0,58.7,46.7,233,7,0
0.799033875371085,0.0882430076599121,25.8,62.4,466,15,1
0.0,0.0,44.4,43.2,225,0,0
0.0,0.0,16.2,41.8,217,4,0
0.0,0.0,5.8,54.4,258,6,0
0.0,0.0,9.6,59.3,267,11,1
0.0,0.0,14.4,76.5,273,0,1
1.199298601277129,0.4452247142791748,6.5,71.9,271,0,1
0.0,0.0,25.7,41.7,210,4,0
0.0,0.0,19.6,76.5,294,5,0
0.199954796519742,0.0,11.4,66.5,272,8,1
0.0,0.0,9.3,59.1,268,8,1
2.3960127616230067,0.4035289504311301,6.8,73.4,294,3,0
0.0,0.0,5.2,54.8,257,6,0
5.506276301425233,0.2390475936677665,34.472943486352,81.25437844399764,422,5,1
0.0,0.0,5.0,72.4,276,0,1
0.0,0.0,16.9,41.8,210,4,0
0.0,0.0,9.1,54.9,256,6,0
1.9989445537069703,0.4625609185960557,4.2,71.5,271,0,1
0.0,0.0,9.6,75.3,294,5,0
0.5994843721816343,2.3719682693481445,14.2,41.6,216,4,0
0.0,0.0,30.2,63.5,465,16,1
0.0,0.0,12.2,72.0,273,0,1
0.0,0.0,15.7,41.9,217,4,0
0.0,0.0,5.2,54.9,259,6,0
0.0,0.0,30.9,63.1,469,20,1
0.0,0.0,6.1,73.7,296,3,0
3.9982856471758175,0.2173296150408293,7.0,73.4,295,3,0
8.786965897791458,0.1147926020067791,16.1,56.1,459,6,1
0.1997607521623582,0.0,15.5,41.9,216,4,0
0.0,0.0,9.8,41.9,217,4,0
0.0,0.0,3.2,51.0,256,0,0
12.901882320307717,0.3341030701147847,40.22247189703718,70.18375349532099,456,17,1
0.0,0.0,10.1,55.4,259,1,1
0.0,0.0,47.9,70.4,489,25,1
3.996092040459738,0.2277870805639969,16.1,46.7,229,17,0
0.1998479664584694,0.0,1.5,72.2,279,0,1
2.3976217590412343,0.4080346931110729,6.7,73.4,295,3,0
0.0,0.0,11.4,41.5,209,4,0
0.0,0.0,29.1,85.6,310,3,1
0.3998524256813634,0.7012264728546143,13.7,73.6,296,3,0
0.1997575269886482,0.0,24.3,42.8,222,4,0
0.0,0.0,13.6,74.9,272,0,1
0.0,0.0,32.5,86.9,313,3,1
0.0,0.0,17.9,77.7,273,20,1
0.3994881131850477,1.943927526473999,18.7,41.9,215,4,0
0.0,0.0,10.3,41.9,211,4,0
0.0,0.0,6.6,75.0,272,0,1
1.5983325805569923,0.3358236721583775,8.2,73.1,294,3,0
8.410700004409078,0.2272931761892657,31.217312224832327,83.20475299339668,444,13,1
0.0,0.0,5.6,72.0,272,0,1
19.08315367655917,0.3423378428861234,23.69198454507185,84.30052670512465,451,6,1
0.0,0.0,7.7,74.7,273,0,1
3.99605872732563,0.2506182068272641,16.7,46.6,226,12,0
0.1997145916789713,0.0,12.8,42.0,216,4,0
0.0,0.0,7.1,74.7,272,0,1
0.0,0.0,14.5,42.1,211,4,0
0.0,0.0,8.8,55.1,264,1,1
0.0,0.0,15.1,42.0,215,4,0
2.1990344662968795,0.3324249982833862,3.0,72.6,281,0,1
1.9988743445392128,0.2097638977898491,4.7,51.5,257,3,0
8.390584981642341,0.1167383833629329,18.9,46.1,227,8,0
0.0,0.0,10.8,46.0,224,14,0
1.9991249100363668,0.543689039018419,3.9,72.0,271,0,1
0.1997967784366211,0.0,14.6,41.9,215,4,0
0.0,0.0,9.8,74.8,293,5,0
17.070604250572433,0.2362833981549566,45.26695198506424,67.02765519743527,323,5,1
0.7986494776522645,0.1333236694335937,24.4,62.7,464,15,1
2.598255689532617,0.3663103779157002,4.9,73.8,295,3,0
0.0,0.0,5.4,53.9,259,5,0
0.0,0.0,13.1,77.1,282,0,1
0.0,0.0,23.2,81.1,291,27,1
0.0,0.0,13.5,73.5,295,1,0
0.0,0.0,11.1,60.8,267,6,1
0.0,0.0,11.1,75.3,272,0,1
13.428775017783284,0.2006484129840221,50.77372398022392,79.45976536287448,305,18,1
0.0,0.0,7.7,74.7,273,0,1
0.0,0.0,8.9,74.9,274,0,1
0.0,0.0,8.7,76.6,294,5,0
0.0,0.0,14.6,42.1,211,4,0
0.0,0.0,8.6,71.8,271,0,1
0.0,0.0,8.5,53.9,259,5,0
17.20795624180994,0.3041554199835197,37.228239759837,67.16347703333352,470,7,1
2.199125551797083,0.4444813966751099,8.0,73.1,294,3,0
1.1988908348094476,0.7290814876556396,6.7,73.3,295,3,0
0.0,0.0,8.8,75.6,296,4,1
0.0,0.0,54.2,67.5,489,25,1
0.0,0.0,16.8,76.8,294,5,0
0.0,0.0,9.9,75.3,274,0,1
0.0,0.0,9.5,54.3,259,3,0
0.7988890647032766,0.1386512915293375,27.2,47.0,231,8,0
0.0,0.0,9.3,58.8,269,9,1
10.68375089201536,0.20169704264038,44.25201858547028,78.69478716100826,340,8,1
2.1981690589370007,0.4806899309158325,4.8,71.8,279,0,1
0.0,0.0,13.2,42.5,213,4,0
1.7981910497390583,0.4049825370311737,26.8,47.0,233,9,0
10.170961505202616,0.3087797191908182,37.39892055866312,65.91816806883882,488,16,1
0.0,0.0,10.2,73.2,293,3,0
0.0,0.0,17.9,68.5,270,19,1
0.5993623269920423,0.1400172710418701,21.8,46.0,224,13,0
10.509890738223554,0.1942706881081549,45.92258185972943,80.05042970124114,447,17,1
0.0,0.0,5.3,73.1,292,3,0
4.59518187264454,0.2177969217300415,15.9,46.6,229,17,0
0.0,0.0,25.7,82.6,297,26,1
0.0,0.0,16.0,41.7,215,4,0
0.0,0.0,13.9,42.3,212,4,0
1.199268767846372,0.4256640434265136,3.1,51.6,257,3,0
0.0,0.0,23.4,77.1,293,3,0
5.545783955103072,0.111574089390159,49.92332929309134,78.97918153394455,496,18,1
0.1997828840393952,0.0,13.0,42.2,215,4,0
1.3985808467665104,0.2293457190195719,9.0,46.7,226,17,0
12.856057813604531,0.2960060145406624,42.98168067422638,83.81648816130016,430,16,1
0.0,0.0,2.3,52.0,258,1,0
3.99556309350388,0.2555787312357049,10.8,46.3,225,17,0
4.79563027863529,0.1824706844661547,18.2,46.2,224,17,0
0.0,0.0,8.6,42.1,211,4,0
0.0,0.0,15.7,47.4,234,9,0
2.1987923769665767,0.264820647239685,2.1,51.0,257,3,0
0.0,0.0,20.1,77.3,282,0,1
0.0,0.0,41.2,76.2,293,3,0
14.745361339585749,0.3271263047554902,20.50664669021311,60.57144786086036,481,7,1
1.9987071770259688,0.4767123593224419,1.9,50.9,257,3,0
0.0,0.0,17.9,76.5,293,3,0
0.0,0.0,10.2,42.1,219,4,0
2.7878650914664544,0.3206105415637676,31.9,63.0,467,13,1
0.0,0.0,10.4,75.1,273,0,1
0.0,0.0,16.8,54.3,453,3,1
0.3987640730864265,0.1839849948883056,32.0,74.0,479,22,1
0.7994370800323087,0.2805507183074951,13.1,73.6,294,3,0
0.0,0.0,18.3,42.0,213,4,0
0.0,0.0,8.8,72.3,278,0,1
0.0,0.0,5.8,51.5,258,2,0
2.395660365028045,0.3931665637276389,6.4,73.4,295,3,0
0.0,0.0,11.5,42.1,213,4,0
0.1997671457349066,0.0,8.4,41.3,219,4,0
2.199159409435938,0.466575026512146,15.5,67.0,272,7,1
6.490787831421008,0.2337930877614696,39.94590679288099,70.66548765318534,460,6,1
0.0,0.0,9.5,74.9,293,5,0
2.399139369703375,0.3980365666476163,9.1,73.4,296,3,0
1.3994582747328623,0.6212589740753174,4.4,71.7,275,0,1
0.0,0.0,8.2,76.4,294,5,0
0.0,0.0,14.0,42.0,211,4,0
0.0,0.0,36.9,87.0,311,3,1
0.0,0.0,7.5,74.6,273,0,1
0.0,0.0,12.2,75.9,278,0,1
0.0,0.0,8.7,75.3,272,0,1
0.0,0.0,15.8,66.6,272,8,1
0.0,0.0,6.7,72.4,279,0,1
12.344899566371804,0.3229716849105564,39.8041333916441,80.71221015817572,377,14,1
2.99708187985874,0.3241405827658517,2.2,51.0,257,3,0
4.610463019901675,0.1057606236026109,52.01296626482557,61.24196040950271,350,15,1
0.0,0.0,6.8,73.1,292,3,0
2.9983213762627265,0.3197550773620605,7.2,68.3,273,7,1
0.0,0.0,18.4,77.4,293,3,0
2.196802872635093,0.4347745895385742,1.9,51.2,258,1,0
0.9994277892367666,0.214509904384613,10.3,72.5,279,0,1
0.3998353872902935,1.198901653289795,9.3,52.1,259,3,0
4.921700278936863,0.2772439677661267,52.93634819039013,67.98246635374694,498,12,1
8.921711129229895,0.2583920109331688,39.68377367830676,82.38052829533623,381,16,1
1.998288380900092,0.3460403018527561,6.6,72.4,279,0,1
0.0,0.0,10.9,75.1,272,0,1
0.0,0.0,18.8,76.3,273,19,1
0.0,0.0,15.5,41.7,209,4,0
0.0,0.0,8.6,75.0,272,0,1
0.0,0.0,10.8,41.7,222,4,0
2.7981284452580626,0.291949437214778,2.1,50.9,257,3,0
0.0,0.0,30.2,85.3,309,3,1
0.0,0.0,18.0,59.1,266,5,1
1.59834179294638,0.2777323382241385,11.0,46.6,227,12,0
0.0,0.0,16.9,41.9,221,4,0
1.5982157979840088,0.4655454839978899,2.1,50.9,257,3,0
12.179505066310307,0.1583930161548779,46.126479451670704,76.21477773919617,458,5,1
0.0,0.0,19.2,46.5,229,16,0
0.0,0.0,24.2,67.7,270,19,1
6.178664836119159,0.0935392543514214,52.15098483604684,66.35929546928607,404,14,1
0.0,0.0,27.2,62.3,471,21,1
0.0,0.0,12.7,76.1,279,0,1
0.0,0.0,6.4,74.8,293,5,0
3.5880673328370385,0.0655763009015251,54.9,71.8,477,22,1
1.3953284171032871,0.0840668678283691,44.7,66.3,483,24,1
0.0,0.0,5.6,73.0,281,0,1
14.647959201465834,0.2623499185911146,40.1043842888211,81.03840581364088,415,7,1
2.396641288401312,0.3163557269356467,23.0,63.0,469,14,1
9.595555484820332,0.302522847131333,44.792975572510784,65.61366496077474,444,14,1
0.5997421896057464,1.194766640663147,4.7,73.1,292,3,0
0.0,0.0,8.8,74.6,272,0,1
2.597054408256779,0.4058982332547505,9.5,73.4,294,3,0
0.0,0.0,5.8,75.0,272,0,1
0.0,0.0,28.8,76.1,278,0,1
0.0,0.0,38.8,83.5,307,3,1
0.999388496723654,0.9862701892852784,4.7,73.5,295,3,0
0.0,0.0,16.8,41.7,222,4,0
0.0,0.0,6.6,75.0,272,0,1
1.5993993344708304,0.2952763012477329,14.3,73.8,295,3,0
0.0,0.0,12.1,46.5,228,18,0
0.0,0.0,21.2,46.5,228,18,0
0.0,0.0,8.2,75.2,272,0,1
3.394195327024282,0.2937300056219101,6.3,73.6,296,3,0
0.0,0.0,4.7,54.2,259,3,0
2.796942657781268,0.3064959966219388,6.3,73.1,294,3,0
1.19871420497699,0.2111997604370117,11.8,46.3,229,17,0
6.403546190796325,0.1171598677852816,41.79119740997814,74.21250290553962,344,15,1
0.0,0.0,16.8,44.0,227,4,0
0.0,0.0,24.8,63.1,467,18,1
14.201970505956847,0.2957664826042123,32.89885591023929,73.04779601806234,497,8,1
0.0,0.0,9.2,53.0,258,1,0
14.609258353842591,0.2190978685749714,35.8835532982834,70.20871535788817,331,19,1
0.999102873506022,0.5531418323516846,1.5,50.9,257,3,0
0.0,0.0,6.7,59.1,266,12,1
0.0,0.0,21.3,41.0,219,4,0
0.0,0.0,16.3,42.0,211,4,0
0.0,0.0,35.4,70.5,489,25,1
0.0,0.0,11.9,75.6,273,0,1
0.0,0.0,9.2,74.6,273,0,1
0.0,0.0,13.0,74.8,273,0,1
0.0,0.0,11.1,41.6,215,4,0
0.0,0.0,14.0,42.0,216,4,0
0.0,0.0,11.0,46.4,229,18,0
2.398358667202392,0.3709834488955411,6.8,73.2,294,3,0
0.0,0.0,14.3,68.1,275,6,1
3.7418959730148433,0.1615346928187725,41.95159459954272,68.60674818736311,446,10,1
0.999601237108724,0.4807736873626709,12.1,71.9,271,0,1
1.5991605968546785,0.1309236798967634,10.9,77.1,272,21,1
1.7976626079562306,0.5839714407920837,7.5,73.1,294,3,0
1.5962040194006173,0.4223301070077078,7.6,73.1,294,3,0
0.0,0.0,17.3,75.2,278,0,1
7.355058053893225,0.1111990039327377,38.53046980531241,77.40734193849366,429,5,1
4.014150896891396,0.3118203378239885,24.049243778889657,66.465938637438,355,7,1
2.996345637685057,0.3290560586111886,12.2,46.2,229,8,0
0.0,0.0,13.4,60.6,266,19,1
0.0,0.0,8.5,42.2,212,4,0
0.0,0.0,17.1,75.9,294,5,0
0.3997956557448421,0.6180708408355713,7.1,73.4,296,3,0
0.0,0.0,41.3,68.0,475,22,1
0.0,0.0,7.3,74.7,272,0,1
0.0,0.0,5.9,73.1,294,3,0
10.43250138382352,0.1200866945712064,28.760197644207224,67.3690727689404,460,14,1
0.0,0.0,11.2,74.9,293,5,0
0.0,0.0,8.1,74.6,272,0,1
0.0,0.0,14.4,41.6,209,4,0
0.0,0.0,17.2,42.0,215,4,0
4.195917230272248,0.2427996397018432,13.7,46.8,229,17,0
0.0,0.0,4.9,73.4,296,3,0
0.0,0.0,22.1,76.6,294,5,0
3.795949109026908,0.1875573661592271,23.2,42.1,223,0,0
0.0,0.0,19.3,61.0,265,5,1
0.0,0.0,17.1,42.1,219,4,0
0.0,0.0,14.0,46.3,226,18,0
7.188915648625533,0.1909954043313295,45.14307154051451,61.92977703911011,467,12,1
2.5982460322819225,0.3810132145881653,7.1,73.3,295,3,0
0.0,0.0,6.3,77.3,282,0,1
3.794979119746376,0.2431163125567966,18.0,46.3,228,17,0
0.0,0.0,34.3,85.6,310,3,1
0.0,0.0,33.9,85.6,310,3,1
18.525769566447643,0.295375751252113,44.30760844640996,66.7210315231193,316,6,1
0.0,0.0,24.7,41.4,222,4,0
0.0,0.0,13.6,77.2,283,0,1
17.196766146475415,0.3417207066048362,37.08817453546611,84.31107768349138,442,8,1
0.0,0.0,21.6,84.2,306,3,1
16.106214115825157,0.2878857877544626,32.980826258207806,67.94497368250443,412,19,1
0.0,0.0,7.2,74.7,273,0,1
17.57778970986449,0.3353844775906882,22.61359198521545,60.12790919656529,407,7,1
0.0,0.0,44.3,87.1,314,3,1
2.597194316995071,0.3259986440340678,15.3,46.8,226,17,0
10.054560173094982,0.1991348829487924,30.900058871402884,79.26280752924188,358,12,1
0.0,0.0,8.4,73.1,280,0,1
0.0,0.0,15.2,41.7,215,4,0
5.765318500735271,0.0861090762274605,45.4,58.0,454,7,1
0.0,0.0,12.3,62.1,268,5,1
0.0,0.0,8.1,72.9,282,0,1
1.3988040658521306,0.6608399550120035,6.1,73.5,296,3,0
0.0,0.0,13.0,41.9,221,4,0
0.0,0.0,60.9,70.6,489,25,1
0.0,0.0,6.9,74.7,272,0,1
0.0,0.0,25.1,46.3,225,16,0
17.523037800511553,0.0546473524340896,30.621290464006396,72.8614177263995,378,8,1
0.0,0.0,14.3,41.8,217,4,0
0.0,0.0,26.9,75.7,296,4,1
0.0,0.0,18.1,42.1,215,4,0
0.0,0.0,42.0,83.6,301,3,1
3.7959060762580488,0.2471063666873508,15.7,46.2,223,17,0
5.638903263842645,0.0639840587346769,33.02808862688952,66.86206726354388,484,15,1
0.0,0.0,17.3,47.4,233,12,0
0.0,0.0,9.9,41.4,214,4,0
0.7994472129804883,0.2970691521962483,10.2,75.2,278,0,1
0.0,0.0,18.7,74.5,280,0,1
0.0,0.0,11.6,41.6,209,4,0
0.0,0.0,18.6,46.6,229,16,0
2.3974222433964565,0.4327351179989901,11.2,47.1,227,17,0
0.0,0.0,20.2,41.7,225,4,0
8.871091438747676,0.1745996300899256,32.60924471131577,65.72942015656817,488,6,1
0.0,0.0,8.8,54.2,451,4,1
0.0,0.0,13.8,69.4,270,19,1
5.194790723375673,0.1974471950531006,14.9,46.2,230,8,0
0.0,0.0,5.4,72.7,281,0,1
0.0,0.0,15.9,78.1,282,0,1
11.365643022195936,0.2621659970781454,33.73337350225827,62.92599090613823,334,18,1
11.579778747409446,0.2341639090719935,49.21883724993339,64.84449593187004,442,8,1
4.301133796343471,0.1416057993539759,28.82458831198862,83.00749211899402,401,18,1
0.0,0.0,10.2,74.7,273,0,1
0.0,0.0,52.7,72.9,476,22,1
0.0,0.0,29.6,82.0,306,1,1
0.0,0.0,31.0,63.0,467,19,1
0.0,0.0,3.2,71.5,271,0,1
4.316027638385092,0.097654622192028,33.03229949858664,68.25605826949308,326,13,1
0.0,0.0,7.9,75.0,274,0,1
0.0,0.0,4.9,54.5,256,6,0
0.0,0.0,14.4,42.1,216,4,0
0.3993735602729236,0.6959865093231201,31.0,51.7,442,0,1
0.0,0.0,6.1,73.2,292,3,0
0.0,0.0,4.1,72.2,276,0,1
0.1986430170105474,0.0,1.4,51.1,257,3,0
0.0,0.0,3.4,72.1,273,0,1
0.0,0.0,29.3,77.4,293,3,0
0.0,0.0,23.7,83.4,307,3,1
0.0,0.0,46.5,74.4,478,22,1
12.18421802051976,0.0673508961995442,14.7,62.9,472,20,1
13.160026673256995,0.0704033274383173,44.30189493325075,65.75444531653922,486,16,1
0.0,0.0,5.8,54.4,258,6,0
0.0,0.0,14.9,72.8,271,0,1
0.0,0.0,15.7,42.2,216,4,0
0.0,0.0,7.6,75.3,273,0,1
2.9986126166239213,0.3391365834644863,5.7,68.0,272,7,1
3.79597876242704,0.036773747868008,8.2,58.9,264,17,1
0.0,0.0,11.2,72.2,271,0,1
0.0,0.0,22.7,69.7,488,28,1
0.1997862242283018,0.0,23.8,43.9,226,3,0
0.9987756954763598,0.9299882054328918,15.5,46.7,226,17,0
3.196814240416981,0.3023945967356364,11.3,46.7,229,17,0
3.7940923551671206,0.0440331565009223,16.8,63.3,468,20,1
0.0,0.0,19.0,43.3,222,4,0
0.0,0.0,3.0,51.4,256,1,0
0.0,0.0,20.7,77.3,281,0,1
14.943959125235908,0.2180322775811798,22.59909722115363,79.15542792894448,479,18,1
0.0,0.0,6.8,74.6,272,0,1
2.7989414975634967,0.3750320764688345,3.7,71.5,271,0,1
0.0,0.0,22.3,63.4,467,18,1
0.0,0.0,15.5,68.8,275,7,1
0.0,0.0,4.8,54.4,257,6,0
0.0,0.0,34.4,63.7,469,18,1
0.0,0.0,10.1,75.3,273,0,1
3.99583506780876,0.2345228446157355,22.1,46.2,225,17,0
1.7994844769126277,0.2782013118267059,8.2,72.9,281,0,1
0.0,0.0,6.0,51.8,258,3,0
2.1984840260743588,0.4405692815780639,2.2,51.1,257,3,0
0.0,0.0,55.2,42.2,220,0,0
2.1977546171937945,0.3687604427337646,6.3,73.3,294,3,0
2.198264576514779,0.418682050704956,2.3,50.9,257,3,0
0.1996826732420379,0.0,25.6,66.7,487,30,1
0.0,0.0,16.8,41.9,221,4,0
0.0,0.0,11.4,77.8,274,22,1
0.0,0.0,21.2,47.0,229,16,0
0.0,0.0,11.2,41.6,216,4,0
0.0,0.0,21.8,46.3,226,18,0
0.0,0.0,32.2,85.4,309,3,1
1.3986059636850876,0.3066587050755818,12.8,46.7,226,17,0
0.0,0.0,6.8,75.0,272,0,1
3.1984065555719083,0.3108345667521159,4.7,72.9,282,0,1
1.598656448368907,0.3117807933262416,12.3,73.4,293,3,0
0.0,0.0,4.9,53.6,258,5,0
0.0,0.0,17.6,69.2,270,19,1
0.0,0.0,38.1,84.6,305,2,1
2.399233833838214,0.3769926157864657,10.1,73.2,295,3,0
6.971322317714828,0.2812489016148911,51.08458433245859,74.69667687447907,451,12,1
2.154662286980177,0.3948154926300048,6.8,72.1,279,0,1
0.0,0.0,9.0,53.5,256,5,0
1.1995163388175467,0.4560081005096436,2.5,51.5,258,1,0
0.0,0.0,5.3,73.3,292,3,0
0.599724066852519,0.568124532699585,1.8,50.9,257,3,0
0.0,0.0,17.3,79.9,284,25,1
0.0,0.0,30.5,47.1,230,17,0
0.0,0.0,10.0,75.6,294,5,0
0.0,0.0,17.9,43.4,223,4,0
0.0,0.0,4.6,54.3,259,3,0
0.0,0.0,34.5,40.4,220,6,0
16.574375990944937,0.0498493997062124,48.9,63.9,484,24,1
0.0,0.0,18.3,62.7,465,15,1
0.0,0.0,27.0,63.7,467,18,1
0.0,0.0,9.3,41.9,215,4,0
0.0,0.0,21.9,54.3,446,0,1
0.1998003855858424,0.0,11.1,42.2,219,4,0
0.0,0.0,28.8,63.5,471,18,1
0.0,0.0,9.3,59.4,265,18,1
0.0,0.0,8.0,59.6,266,15,1
12.13088530713343,0.2608159065406213,32.18466135753814,83.85081543795926,446,13,1
0.399615809728825,2.895930528640747,22.4,41.6,216,4,0
3.1523775957469287,0.2745620727539062,21.7,42.5,219,0,0
2.197510506886358,0.3582271814346313,6.7,73.2,292,3,0
0.0,0.0,6.9,71.7,271,0,1
0.0,0.0,27.2,62.4,466,18,1
2.5973563875154726,0.2553356488545735,13.0,46.4,228,17,0
0.0,0.0,37.5,54.6,448,1,1
0.0,0.0,18.4,72.4,273,19,1
4.536531989010261,0.2164727195170596,28.562234804418207,71.6364638683846,401,13,1
0.9994268366544512,0.271654725074768,11.7,74.2,295,3,0
0.0,0.0,15.2,75.7,273,0,1
2.397751399194338,0.2421698136763139,15.1,46.8,226,17,0
0.0,0.0,2.0,50.9,256,0,0
5.694708840742104,0.0778398577745064,43.67925474776887,74.83826364299684,476,16,1
0.0,0.0,10.9,72.1,269,0,1
0.0,0.0,5.5,54.5,256,6,0
0.1997584212741682,0.0,39.5,43.9,227,2,0
2.3984046104280723,0.4227263277227228,2.3,51.1,257,3,0
16.19470320990063,0.2182693607363439,51.54712726078113,79.67557451359417,449,7,1
0.5995073647300533,0.308690071105957,11.2,72.9,281,0,1
8.56453306965982,0.1173040526253836,6.8,55.5,263,1,1
0.0,0.0,8.7,59.5,266,14,1
4.395453749309717,0.2350501787094842,19.9,46.7,228,12,0
0.0,0.0,6.0,54.8,259,6,0
0.0,0.0,52.1,45.9,231,7,0
0.0,0.0,28.5,75.4,273,0,1
3.196130021589364,0.3093384742736816,14.9,46.8,233,8,0
3.4338787237382,0.2224329638779919,52.55454285427066,66.97402499475089,394,7,1
0.0,0.0,12.3,42.0,216,4,0
0.0,0.0,4.6,51.4,258,1,0
0.1997383778809541,0.0,13.4,42.6,215,4,0
0.0,0.0,7.0,74.9,272,0,1
4.395756735832205,0.2144768011002313,10.5,46.8,226,17,0
0.3995596017744533,1.1599173545837402,18.7,41.8,215,4,0
0.0,0.0,5.1,73.3,291,3,0
13.542409628668716,0.260232531720001,48.3522039043513,76.17982926005376,461,12,1
0.0,0.0,26.5,81.9,305,1,1
0.0,0.0,11.2,76.6,272,19,1
5.662313147324387,0.3154788490892793,38.404658860545,73.72871417559818,334,6,1
0.0,0.0,4.2,72.7,281,0,1
0.0,0.0,18.3,42.0,216,4,0
0.0,0.0,13.8,76.1,273,0,1
0.0,0.0,11.1,72.2,270,0,1
5.196900175843257,0.184789752960205,8.6,68.3,274,7,1
0.0,0.0,10.2,74.8,294,5,0
16.028794880851322,0.2086989229717298,41.99966478500649,60.68496406298358,307,15,1
0.0,0.0,44.7,53.4,443,0,1
0.0,0.0,19.5,71.1,272,19,1
0.0,0.0,25.2,67.7,275,5,1
0.0,0.0,6.2,73.1,279,0,1
0.0,0.0,7.0,54.2,260,5,0
0.0,0.0,13.8,70.7,272,19,1
0.0,0.0,9.9,72.0,269,0,1
21.76733579361796,0.0460157659318712,33.0,63.8,485,24,1
0.0,0.0,12.2,42.2,219,4,0
2.1992849957894665,0.4418952465057373,2.1,51.1,257,3,0
0.199815529419656,0.0,17.5,42.3,215,4,0
1.9991861795227728,0.4918495549096001,7.6,59.1,265,17,1
1.3974993438540713,0.4255919059117635,6.3,73.2,292,3,0
0.598821916835556,1.5120197534561155,17.2,42.0,215,4,0
0.0,0.0,7.8,74.9,293,5,0
0.3995668529112775,0.2320237159729004,13.1,46.8,226,17,0
19.110073579792864,0.3263860744920492,37.26217536530528,65.23215436639803,304,17,1
0.0,0.0,13.1,46.6,224,18,0
0.0,0.0,21.1,79.2,283,24,1
5.592201883702898,0.1795561931751392,21.0,47.1,231,8,0
13.446104047754812,0.272532603031039,34.66250045926245,72.1439710818531,393,14,1
0.0,0.0,12.5,42.2,215,4,0
0.0,0.0,32.3,87.0,313,3,1
1.598649136479018,0.5751195294516427,8.3,73.6,294,3,0
0.0,0.0,35.8,87.0,313,3,1
0.0,0.0,12.3,73.6,296,0,0
0.0,0.0,13.0,46.0,229,15,0
0.0,0.0,7.0,54.9,259,6,0
7.796749545036685,0.1268508622520848,6.7,59.0,265,17,1
0.3996343905726658,1.151900053024292,17.7,42.1,213,4,0
0.0,0.0,15.5,43.3,222,4,0
0.0,0.0,13.9,63.4,265,19,1
0.0,0.0,10.7,73.7,296,3,0
0.0,0.0,6.6,74.6,272,0,1
1.998691271374773,0.3200451268090142,2.4,51.3,257,3,0
0.0,0.0,22.0,53.3,445,0,1
0.0,0.0,5.9,54.7,257,6,0
1.3992034392423098,0.714846690495809,5.7,74.0,295,3,0
0.199729123319366,0.0,29.5,41.6,216,4,0
8.477289524034703,0.326823986339767,31.33710366490552,82.76488272654754,449,5,1
0.0,0.0,7.1,55.3,259,3,1
0.0,0.0,16.5,73.9,295,3,0
